<?xml version="1.0" encoding="windows-1252"?>
<UMLProfile profiletype="uml2">
	<Documentation id="D09E4AE2-7" name="ComicVerse-CRC" version="1.0" notes="ComicVerse-CRC"/>
	<Content>
		<Stereotypes>
			<Stereotype name="CRC" notes="" cx="0" cy="0">
				<AppliesTo>
					<Apply type="Class">
						<Property name="isActive" value=""/>
					</Apply>
				</AppliesTo>
			</Stereotype>
			<Stereotype name="Komunikat" notes="" cx="0" cy="0">
				<AppliesTo>
					<Apply type="Operation">
						<Property name="isOrdered" value=""/>
						<Property name="isQuery" value="false"/>
						<Property name="isUnique" value=""/>
						<Property name="lower" value=""/>
						<Property name="upper" value=""/>
					</Apply>
				</AppliesTo>
			</Stereotype>
			<Stereotype name="Odpowiedzialno&#347;&#263;" notes="" cx="0" cy="0">
				<AppliesTo>
					<Apply type="Operation">
						<Property name="isOrdered" value=""/>
						<Property name="isQuery" value="false"/>
						<Property name="isUnique" value=""/>
						<Property name="lower" value=""/>
						<Property name="upper" value=""/>
					</Apply>
				</AppliesTo>
			</Stereotype>
		</Stereotypes>
		<TaggedValueTypes/>
		<ViewDefinitions/>
		<Metamodel/>
	</Content>
</UMLProfile>
