<?xml version="1.0" encoding="windows-1252"?>
<MDG.Technology version="1.0"><Documentation id="DL-CV-CRC" name="J&#281;zyk dziedzinowy ComicVerse-CRC" version="1.0" notes="J&#281;zyk dziedzinowy ComicVerse-CRC"/><UMLProfiles><UMLProfile profiletype="uml2">
			<Documentation id="D09E4AE2-7" name="ComicVerse-CRC" version="1.0" notes="ComicVerse-CRC"/>
			<Content>
				<Stereotypes>
					<Stereotype name="CRC" notes="" cx="0" cy="0">
						<AppliesTo>
							<Apply type="Class">
								<Property name="isActive" value=""/>
							</Apply>
						</AppliesTo>
					</Stereotype>
					<Stereotype name="Komunikat" notes="" cx="0" cy="0">
						<AppliesTo>
							<Apply type="Operation">
								<Property name="isOrdered" value=""/>
								<Property name="isQuery" value="false"/>
								<Property name="isUnique" value=""/>
								<Property name="lower" value=""/>
								<Property name="upper" value=""/>
							</Apply>
						</AppliesTo>
					</Stereotype>
					<Stereotype name="Odpowiedzialno&#347;&#263;" notes="" cx="0" cy="0">
						<AppliesTo>
							<Apply type="Operation">
								<Property name="isOrdered" value=""/>
								<Property name="isQuery" value="false"/>
								<Property name="isUnique" value=""/>
								<Property name="lower" value=""/>
								<Property name="upper" value=""/>
							</Apply>
						</AppliesTo>
					</Stereotype>
				</Stereotypes>
				<TaggedValueTypes/>
				<ViewDefinitions/>
				<Metamodel/>
			</Content>
		</UMLProfile>
	</UMLProfiles><DiagramProfile><UMLProfile profiletype="uml2">
			<Documentation id="99CA8B23-A" name="ComicVerse-CRC" version="1.0" notes="ComicVerse-CRC"/>
			<Content>
				<Stereotypes>
					<Stereotype name="Struktura dziedziny" notes="" cx="90" cy="70">
						<AppliesTo>
							<Apply type="DiagramLogical"/>
						</AppliesTo>
					</Stereotype>
					<Stereotype name="Sesja CRC" notes="" cx="90" cy="70">
						<AppliesTo>
							<Apply type="DiagramSequence"/>
						</AppliesTo>
					</Stereotype>
				</Stereotypes>
				<TaggedValueTypes/>
				<ViewDefinitions/>
				<Metamodel/>
			</Content>
		</UMLProfile>
	</DiagramProfile><UIToolboxes><UMLProfile profiletype="uml2">
			<Documentation id="6059C509-1" name="ComicVerse-CRC" version="1.0" notes="ComicVerse-CRC"/>
			<Content>
				<Stereotypes>
					<Stereotype name="Struktura" notes="" cx="0" cy="0">
						<AppliesTo>
							<Apply type="ToolboxPage"/>
						</AppliesTo>
						<TaggedValues>
							<Tag name="ComicVerse-CRC::CRC(UML::Class)" type="" description="" unit="" values="" default="Karta CRC"/>
							<Tag name="ComicVerse-CRC::Odpowiedzialno&#347;&#263;(UML::Operation)" type="" description="" unit="" values="" default="Odpowiedzialno&#347;&#263; karty"/>
						</TaggedValues>
					</Stereotype>
					<Stereotype name="Zachowanie" notes="" cx="0" cy="0">
						<AppliesTo>
							<Apply type="ToolboxPage"/>
						</AppliesTo>
						<TaggedValues>
							<Tag name="ComicVerse-CRC::Komunikat(UML::Operation)" type="" description="" unit="" values="" default="Komunikat"/>
						</TaggedValues>
					</Stereotype>
				</Stereotypes>
				<TaggedValueTypes/>
				<ViewDefinitions/>
				<Metamodel/>
			</Content>
		</UMLProfile>
	</UIToolboxes></MDG.Technology>
